loss,values
9.241215,0.11234872
9.058247,-0.008460503
8.754856,0.09593518
8.526269,1.6656705
9.027061,1.96925
9.071739,2.275588
8.519259,2.5247052
8.859605,2.8024998
8.660924,3.025449
8.429802,3.263749
8.141012,3.5101995
8.972912,3.7486608
8.528746,3.9874303
8.377598,4.208982
8.735212,4.4520917
8.051007,4.684865
8.384893,4.920491
8.969682,5.1779118
8.60671,5.4457636
8.9841795,5.687921
9.013621,5.957939
8.57487,6.1939545
8.6109495,6.4888787
8.622093,6.777541
8.493969,7.0710573
8.485415,7.3491273
8.527252,7.662275
8.399025,7.9825554
8.268447,8.299776
8.321104,8.602316
8.345072,8.944709
8.387153,9.317979
8.159431,9.674018
8.267929,10.071484
8.441362,10.384536
8.194346,10.79983
8.631622,11.182906
8.384277,11.595879
8.250349,12.000522
8.724009,12.413681
8.306061,12.859107
8.719427,13.289003
8.755509,13.757883
8.708374,14.235426
8.262537,14.674966
8.598511,15.17794
8.308471,15.6789875
9.254292,16.171795
8.555056,16.691183
8.291971,17.201717
8.586498,17.762613
8.966269,18.299028
9.131336,18.863611
8.54535,19.433289
8.71356,19.980545
8.427835,20.554022
8.557587,21.13067
8.3168335,21.731144
8.286772,22.333961
8.210278,22.903067
8.871246,23.51775
8.546529,24.128935
8.195616,24.735699
8.09456,25.351048
8.999015,25.96405
8.860638,26.57104
8.742951,27.22452
8.29323,27.856445
8.508636,28.505949
8.348785,29.118626
8.853394,29.720583
8.911285,30.368069
8.915161,31.013882
8.99303,31.61604
8.898006,32.280846
8.511353,32.91744
8.195459,33.539433
8.785925,34.18066
8.603546,34.808014
8.845144,35.450497
8.266571,36.069942
8.411167,36.682426
9.143372,37.297005
8.472596,37.927437
8.830505,38.548286
8.578787,39.174313
7.8149414,39.785202
8.431763,40.418163
7.968292,41.02563
8.626891,41.657993
8.284723,42.264397
8.054779,42.853836
7.923218,43.463184
8.377965,44.073162
7.4516296,44.668896
8.059692,45.259026
8.456568,45.85344
8.29534,46.418396
8.645172,46.993538
8.045319,47.568382
8.368383,48.13846
9.198891,48.694046
8.3871155,49.244965
8.205624,49.800545
8.046479,50.357586
7.944194,50.894867
8.3119,51.452255
8.497131,51.99817
8.534821,52.54829
8.388119,53.09619
8.553343,53.618332
8.113129,54.139946
8.77243,54.657295
8.350889,55.17314
8.8466625,55.704315
8.140666,56.229412
8.207275,56.747982
8.277557,57.2616
8.572061,57.76674
8.234774,58.282936
7.4901733,58.801525
8.532837,59.30678
8.504591,59.811115
7.7469106,60.31993
8.069519,60.815773
8.208923,61.328995
8.201233,61.823204
8.236675,62.32234
8.102936,62.81801
8.459311,63.34025
8.080637,63.84175
8.242206,64.33003
8.72702,64.82933
8.245771,65.31908
8.430969,65.809296
8.723568,66.29843
8.852753,66.795425
8.474274,67.28456
8.06746,67.77098
7.8842163,68.26169
8.407837,68.74425
8.58493,69.23624
8.6551285,69.71558
8.282892,70.208145
8.555298,70.698364
7.8568115,71.19084
8.587056,71.6759
8.136353,72.16974
9.294281,72.64484
8.624573,73.14165
8.365257,73.63856
8.318888,74.13167
9.14267,74.612915
8.260864,75.101944
8.353638,75.58249
8.6229515,76.06781
7.9904785,76.5433
8.458479,77.024734
8.602341,77.51023
8.843689,77.99308
8.483842,78.48213
8.530287,78.95526
8.334845,79.4414
8.27371,79.9306
7.917633,80.42224
8.456879,80.91601
7.9509773,81.40399
8.342952,81.89241
8.887909,82.36427
8.335655,82.841705
8.67218,83.33757
8.458239,83.8354
8.576935,84.316864
8.477474,84.80194
7.886017,85.267075
8.030861,85.75127
8.52359,86.236465
8.114471,86.72592
8.545709,87.22466
7.898523,87.70999
9.229401,88.190704
8.751984,88.66465
9.038727,89.15461
8.475924,89.651
8.183411,90.142456
7.7342005,90.62339
8.51605,91.09837
8.552351,91.584274
8.278666,92.06602
8.137731,92.53953
8.449808,93.0249
8.675293,93.50665
8.072327,94.00474
8.349518,94.48837
8.153503,94.973915
8.5425,95.46304
8.649139,95.96208
8.788645,96.449646
7.5474854,96.92964
8.561495,97.41222
8.851624,97.89743
8.208801,98.38017
8.0570545,98.86657
8.06213,99.34822
7.935937,99.828705
8.447327,100.30633
8.697144,100.80241
8.707016,101.28929
8.191925,101.78086
8.077576,102.26638
8.215149,102.75459
8.126251,103.239426
8.461792,103.73456
8.361542,104.21744
8.781658,104.69968
8.670597,105.20033
8.717285,105.68834
8.597683,106.184616
7.821472,106.670425
8.258514,107.137375
8.8941345,107.6062
8.536638,108.10036
7.8237915,108.57648
8.356598,109.07469
8.467804,109.55929
8.466095,110.04934
8.267981,110.53119
7.9691467,111.021706
8.305044,111.51427
9.075928,112.00168
8.210449,112.488945
8.003296,112.97888
8.01181,113.468124
8.6034355,113.95337
8.592499,114.44428
7.984762,114.926285
8.47465,115.41144
8.498535,115.89862
8.019057,116.37891
7.9513855,116.87721
7.9237976,117.35704
8.183105,117.84069
8.407537,118.32443
8.113321,118.82238
7.911921,119.3114
8.0746155,119.80636
8.108982,120.29431
8.40033,120.77997
8.279663,121.26058
8.865913,121.74498
8.340949,122.237785
8.050983,122.725204
7.805084,123.20279
8.504456,123.686775
8.556366,124.17544
8.428314,124.66081
8.164276,125.15693
7.924988,125.643845
8.240814,126.13505
9.020548,126.61135
8.798798,127.103546
8.773529,127.57721
8.912356,128.07489
7.914096,128.56046
8.924072,129.04431
8.592468,129.52942
8.342665,130.0168
8.411835,130.51541
8.314972,130.98889
8.455536,131.48859
8.26712,131.96248
8.6805725,132.45444
7.7117615,132.94505
8.0332775,133.42194
8.864227,133.91823
8.212219,134.40744
8.892212,134.88629
7.8394165,135.37906
8.330688,135.87527
8.719727,136.35867
9.208891,136.83557
8.186013,137.34132
8.065613,137.83252
8.536156,138.31516
8.367096,138.80797
8.484159,139.28723
8.079651,139.76497
8.607109,140.25827
8.227081,140.73486
8.078503,141.22195
8.5563755,141.70148
7.87558,142.18854
8.312012,142.67355
8.870239,143.16302
8.680206,143.64417
8.66843,144.13606
8.715758,144.62119
8.8905945,145.09842
8.699007,145.58928
8.770477,146.0783
8.1015625,146.57362
7.888672,147.0746
8.509092,147.57077
8.234985,148.04799
8.582001,148.5314
8.711853,149.00412
8.631683,149.49185
8.457367,149.97409
7.953125,150.46796
8.347098,150.95752
8.916016,151.44247
8.478149,151.93564
8.780548,152.43082
8.042198,152.91202
8.600647,153.40022
7.9461975,153.89253
8.391846,154.37103
8.541252,154.8607
8.203918,155.34402
8.346487,155.82689
8.148865,156.30598
8.132538,156.78334
8.673508,157.27832
7.9378204,157.7767
8.168404,158.26578
8.431879,158.74857
8.845337,159.25237
8.578077,159.7442
8.694946,160.2209
8.931417,160.71027
8.369507,161.2005
8.524418,161.687
8.2751465,162.17685
8.225689,162.65091
8.293549,163.13597
8.797028,163.62032
8.674271,164.09868
9.094822,164.59924
8.392761,165.0896
8.068726,165.564
8.198875,166.04025
8.158921,166.53076
8.391968,167.00269
8.100754,167.48279
8.587276,167.98123
8.589905,168.46512
8.729523,168.95306
8.669368,169.43127
8.863739,169.91275
8.505994,170.39735
9.1729355,170.8795
8.655823,171.37271
8.527924,171.86438
8.734558,172.3558
8.490784,172.83322
8.170197,173.31207
8.454498,173.80032
8.199855,174.29004
8.158538,174.78345
8.641052,175.2593
9.383606,175.75174
8.317839,176.24738
8.013611,176.7334
8.454056,177.2164
8.12619,177.69351
9.246399,178.195
8.185475,178.69312
8.241577,179.16483
8.997437,179.64667
8.6119995,180.13399
8.247557,180.61942
7.9976196,181.10373
8.093689,181.57321
8.350161,182.06598
8.541391,182.54585
8.181549,183.0398
8.879242,183.52008
8.517059,183.98471
8.266357,184.46599
8.487213,184.93936
8.491516,185.42395
8.443878,185.89395
8.744476,186.37926
7.9490623,186.85791
8.289856,187.34721
8.862582,187.83865
8.428542,188.33257
8.386286,188.81862
7.9747543,189.30022
8.108411,189.78433
8.238434,190.27588
8.903748,190.75308
8.268188,191.23308
8.021336,191.70412
8.273394,192.1908
8.204073,192.69156
7.624115,193.16182
8.67804,193.64897
8.139259,194.11934
7.990509,194.60512
9.035065,195.09068
9.030178,195.58276
8.280426,196.07562
8.454742,196.56358
8.043871,197.04141
8.7093525,197.5086
9.091288,197.99274
8.331299,198.47495
8.092622,198.95203
8.541342,199.43549
8.702393,199.91315
8.564941,200.40326
8.683929,200.88905
8.337189,201.38187
8.4868145,201.87411
7.779175,202.35663
8.320984,202.84032
8.579254,203.32074
8.430267,203.79892
8.251709,204.2781
8.8810425,204.75247
8.235331,205.23741
8.822998,205.71886
8.040802,206.19946
8.389709,206.68452
8.494812,207.16876
8.37561,207.65
9.359467,208.13431
8.4841,208.60884
8.422424,209.07483
8.165861,209.55553
8.695282,210.05324
8.31366,210.52403
8.466797,211.00464
8.588806,211.48128
8.15683,211.95438
8.585693,212.43102
8.476023,212.90323
8.74942,213.37575
8.529419,213.85411
8.691675,214.35277
8.292561,214.82634
8.094532,215.30539
8.017378,215.78784
7.82193,216.27083
8.552987,216.74307
8.401733,217.22128
7.976227,217.6933
8.74528,218.17435
8.350464,218.64749
8.683502,219.14014
8.388535,219.61577
8.345032,220.08763
8.863922,220.56998
8.252167,221.03882
8.16803,221.52512
8.305634,221.9992
8.661743,222.46774
8.771881,222.95027
8.461914,223.42624
8.765381,223.91255
8.564378,224.39662
8.314091,224.87808
7.820984,225.36595
8.148342,225.85263
7.8548975,226.33301
8.827835,226.80737
8.572754,227.28922
7.9417114,227.7666
8.157684,228.24585
8.034454,228.71573
8.915472,229.18616
8.248047,229.6744
8.774527,230.13779
7.9771423,230.61353
8.080566,231.09427
8.14859,231.58218
9.030462,232.06795
7.562561,232.55135
7.64505,233.0211
8.551422,233.4974
8.522858,233.97406
8.494324,234.45369
8.813279,234.93076
8.636597,235.41168
7.8936768,235.8923
8.982246,236.36346
8.51292,236.84842
8.7335205,237.32416
8.298984,237.80447
8.123566,238.27838
8.633786,238.76155
8.390076,239.22876
8.56192,239.69063
8.719055,240.15114
8.373444,240.63333
8.072998,241.11063
8.519836,241.59523
8.973846,242.06833
8.501184,242.54001
8.93512,243.01706
8.371735,243.48112
8.484148,243.96986
7.9626465,244.44418
8.754517,244.91302
8.122768,245.39214
8.231567,245.86452
8.927141,246.35063
9.055128,246.82306
8.29599,247.29477
7.6245728,247.7703
8.231598,248.25125
8.668304,248.72047
8.156311,249.19557
8.481873,249.66347
8.029449,250.13972
8.2565,250.6185
8.253682,251.09102
8.167839,251.5705
8.692261,252.03943
8.238556,252.51234
8.279266,252.99832
8.137039,253.46878
8.295776,253.9362
8.768555,254.41125
8.3280945,254.88562
8.740744,255.34842
7.7645874,255.8165
8.115997,256.2897
8.19104,256.75946
8.4817505,257.22504
8.492537,257.70642
7.719116,258.1813
8.38681,258.65088
8.316132,259.1237
8.691437,259.5902
7.9665833,260.0594
8.707428,260.54126
8.690491,261.02292
8.436249,261.49637
7.787201,261.96637
8.53178,262.43622
8.443512,262.90778
8.380798,263.3904
8.004578,263.8693
8.256836,264.3289
8.320801,264.80246
8.259436,265.2729
8.419037,265.7466
8.367928,266.21725
8.045776,266.69098
8.476593,267.16217
8.501953,267.61847
8.41806,268.0918
7.7113304,268.55286
7.8525114,269.0163
8.592804,269.48553
8.416412,269.96014
8.295498,270.43463
8.800049,270.90433
8.440216,271.38232
7.920624,271.8577
8.680752,272.33276
8.684509,272.80942
8.097382,273.27936
8.973972,273.75293
7.877349,274.2241
8.57019,274.68805
8.112981,275.15784
9.039867,275.6223
8.321259,276.0946
8.857758,276.563
8.233948,277.03076
8.182662,277.50244
8.485046,277.97482
7.9193807,278.4344
8.474701,278.8933
8.440857,279.35638
8.983002,279.8161
8.280212,280.26404
8.689928,280.74725
7.998352,281.21655
8.491913,281.67487
8.75885,282.14325
8.374427,282.61566
8.365845,283.08344
8.023621,283.5541
8.163635,284.01715
8.859125,284.48856
8.817902,284.94794
8.137451,285.41486
8.104492,285.88272
8.33493,286.3548
9.151519,286.80576
7.933136,287.26453
8.090607,287.73474
8.49472,288.20776
7.809265,288.68176
8.748413,289.14008
8.577972,289.607
8.450226,290.0754
8.462176,290.55377
8.401947,291.01712
8.884735,291.4809
8.230194,291.94696
7.911133,292.398
8.865265,292.86377
8.211395,293.3335
8.750759,293.80942
8.382019,294.28568
8.050568,294.75125
8.544983,295.20306
8.358826,295.669
8.628082,296.1377
8.725342,296.59998
8.162775,297.0712
8.268951,297.52887
8.253571,297.9784
8.718201,298.45172
8.300201,298.91644
8.059937,299.38348
8.891517,299.85898
8.479584,300.31906
8.097128,300.76837
8.128662,301.23505
8.365173,301.6985
8.671326,302.16437
8.363312,302.63904
8.390503,303.10364
8.588348,303.5753
8.314819,304.03394
8.675963,304.49695
8.365631,304.95312
8.340271,305.42664
8.703986,305.8912
8.553589,306.36148
8.279572,306.82672
7.7962036,307.2871
9.0324545,307.73438
8.484131,308.19397
8.290394,308.6535
7.9401855,309.11743
8.364602,309.57092
8.348938,310.0354
8.214447,310.50305
8.342377,310.94836
8.507202,311.41544
8.536652,311.88394
8.651781,312.3393
8.076691,312.81396
8.471222,313.2799
7.9392223,313.73724
8.241333,314.198
8.386993,314.6596
8.859711,315.12112
8.791565,315.5775
8.924694,316.04028
8.491638,316.50336
8.773071,316.96387
8.356609,317.42862
8.379089,317.87952
8.489075,318.33563
8.79715,318.7917
8.140411,319.26294
8.232147,319.72977
8.409136,320.18246
7.7731323,320.64984
7.892761,321.10132
8.529877,321.5527
8.576447,322.0148
8.544067,322.478
8.598328,322.9349
8.402832,323.39594
7.974181,323.8526
8.549233,324.3075
9.040427,324.77246
8.5515995,325.22125
8.637726,325.6726
8.265259,326.13132
8.352173,326.58453
8.25882,327.0445
8.5170145,327.5058
8.484196,327.95773
8.226044,328.41052
8.390839,328.87433
8.531374,329.3241
8.239229,329.7789
8.725311,330.23798
8.108459,330.69855
8.406586,331.14532
8.525696,331.58243
8.332273,332.0402
8.695007,332.49643
8.648071,332.95377
8.011993,333.4046
8.347286,333.8697
8.321228,334.3288
9.188324,334.78644
7.995514,335.23523
8.56012,335.69077
8.340057,336.14398
8.406418,336.6077
8.36554,337.06393
8.602653,337.51962
8.54153,337.9803
8.491883,338.4446
8.287615,338.91037
8.330458,339.3651
8.271003,339.80695
7.9364014,340.26318
8.196106,340.7137
8.421143,341.1651
8.9591675,341.62366
8.357574,342.0856
8.518858,342.5351
8.617523,342.9856
9.12854,343.43124
8.517456,343.89862
8.530301,344.3502
8.862589,344.80383
8.59125,345.25708
8.412628,345.7093
8.671876,346.15988
8.728266,346.61423
8.524567,347.0749
8.630707,347.54315
8.654558,347.98325
9.088654,348.43292
8.22583,348.8857
8.229095,349.35077
8.770109,349.79663
8.310194,350.24905
8.660217,350.70416
8.636902,351.14517
8.853577,351.60046
8.8078,352.05447
8.656677,352.50592
8.645447,352.96237
8.2447405,353.40985
7.8189697,353.85352
8.723206,354.30054
8.345062,354.73782
8.344208,355.18207
8.063324,355.62946
8.604614,356.08594
8.309082,356.5348
8.503876,356.98358
8.451782,357.43066
7.9541235,357.89062
9.088409,358.34137
8.100159,358.7847
9.14023,359.23553
8.433716,359.69162
8.420898,360.13525
8.469087,360.58383
8.810852,361.04236
8.26889,361.48224
8.709015,361.92072
7.6956434,362.3793
8.609589,362.83755
8.420065,363.2839
8.506073,363.71783
7.9528503,364.1531
8.203469,364.60257
8.490631,365.05145
8.358765,365.50134
8.322113,365.9481
8.473694,366.3963
8.529816,366.82886
8.5078125,367.286
8.635254,367.73712
8.423431,368.18402
8.202576,368.62726
8.2812805,369.0842
8.737318,369.535
8.479648,369.97476
8.579437,370.42383
9.090264,370.87982
8.551422,371.3258
8.725494,371.78772
8.280273,372.2386
8.664398,372.68616
8.211243,373.135
8.491701,373.58798
7.9036865,374.02905
8.601196,374.47534
8.937225,374.9219
8.118774,375.35107
7.9102173,375.79504
7.846649,376.24078
8.265139,376.6831
8.809021,377.12854
8.886688,377.568
8.723297,378.01184
7.9958663,378.46045
8.069745,378.9062
8.022491,379.34708
8.714478,379.7928
8.812164,380.23663
8.389465,380.6995
8.37735,381.1394
8.076477,381.58575
8.149956,382.02832
8.426941,382.46362
8.576447,382.89954
8.151978,383.34503
7.9321594,383.80148
8.0442505,384.2411
8.61734,384.6916
8.438629,385.12567
8.156311,385.56775
7.9382486,386.01343
8.556061,386.4487
8.541605,386.88477
8.698273,387.31903
8.045319,387.7734
8.128937,388.22485
8.75473,388.6626
8.805267,389.10406
8.493713,389.55838
7.5884705,390.00314
8.414795,390.4492
8.45224,390.8888
7.95224,391.3286
8.452179,391.7685
8.365509,392.20523
8.061768,392.6532
8.331207,393.09164
7.997284,393.52817
8.714355,393.96237
7.8962708,394.40997
9.070831,394.8496
8.129425,395.30023
8.706879,395.7445
7.9800572,396.18225
8.120148,396.6073
8.083437,397.04767
7.9198914,397.48257
8.243882,397.92383
8.783325,398.35995
8.29071,398.8006
8.609861,399.249
8.54834,399.6842
8.673767,400.1253
8.544304,400.56616
8.813141,401.00995
8.5444765,401.45844
8.801636,401.89215
8.467072,402.3293
8.167145,402.77087
8.662659,403.21814
8.3701315,403.66162
7.9703064,404.08618
8.823219,404.52863
8.570709,404.96515
8.592377,405.398
8.755817,405.82245
8.23439,406.25537
8.553986,406.67523
8.230133,407.1194
8.653534,407.56302
7.604004,408.00162
8.684894,408.43527
8.080444,408.87207
8.467834,409.3077
7.7715063,409.734
8.940063,410.17804
7.578125,410.6142
8.527466,411.05804
7.907013,411.4939
8.12439,411.93475
8.3845215,412.374
7.719116,412.8065
8.632394,413.24
8.529388,413.66568
8.14447,414.1062
8.138489,414.54352
8.61559,415.0036
8.971436,415.44128
8.058289,415.87766
8.363373,416.30423
8.75946,416.73285
8.746645,417.1612
8.38205,417.5922
8.771393,418.02396
8.250092,418.46698
8.226868,418.91455
8.129578,419.3478
7.967407,419.77786
8.438613,420.20963
8.288055,420.62674
8.440765,421.07355
8.44455,421.50818
8.494904,421.93976
8.304749,422.37683
7.683655,422.81158
8.90979,423.24576
8.72995,423.6831
8.036957,424.11786
8.106005,424.5531
8.3596945,424.9876
8.467214,425.40555
8.738617,425.83047
8.933092,426.27295
8.336548,426.7009
8.225555,427.12756
7.4134216,427.55234
8.718842,427.98633
8.375214,428.42566
8.413319,428.86636
8.388489,429.2881
8.77121,429.7179
7.998352,430.13855
8.388275,430.57202
8.557251,430.99957
8.495941,431.43195
9.0312805,431.8617
7.806427,432.2918
8.579889,432.72577
8.247589,433.1485
8.102264,433.58234
8.151436,434.0185
8.255127,434.44928
8.121399,434.88348
8.371845,435.29675
8.423576,435.72833
8.649902,436.1582
8.228302,436.58463
8.458815,437.01608
8.518341,437.4532
8.551605,437.87915
8.735184,438.30362
8.358826,438.73663
7.9968567,439.15308
8.206329,439.581
8.119446,440.00555
8.169922,440.42517
8.261033,440.86066
8.463226,441.2925
8.209808,441.72894
8.136566,442.15436
8.164551,442.58136
7.8769836,443.00806
8.225739,443.43793
8.768707,443.87213
8.536011,444.3088
8.39447,444.73727
8.356079,445.17017
8.571442,445.59048
8.630554,446.01416
7.538788,446.438
8.934548,446.86722
8.094971,447.29858
8.64328,447.72028
8.439495,448.14557
8.871918,448.5753
8.016641,449.00574
8.083191,449.43002
8.88501,449.85458
8.019928,450.28137
8.647858,450.70007
8.342285,451.1286
7.9434814,451.54736
8.408531,451.9732
8.509827,452.3753
7.9155273,452.80328
8.547546,453.22726
8.7621155,453.6584
8.290527,454.08237
8.519653,454.51608
7.9197693,454.94147
8.815369,455.36395
8.727661,455.79272
8.654205,456.2138
8.121704,456.6381
8.30127,457.0578
8.297791,457.47803
7.840912,457.9046
8.431366,458.32425
8.437744,458.74115
8.2013855,459.16165
8.257864,459.5774
8.742432,459.99734
8.4279175,460.42487
9.1189575,460.85187
8.292999,461.2752
7.9501343,461.69855
8.560516,462.11887
8.5329895,462.54572
8.07782,462.96
8.710632,463.38232
8.195099,463.8147
8.577118,464.23907
8.267273,464.65723
8.038086,465.0838
8.419814,465.50354
8.209747,465.93246
7.947571,466.35345
8.203705,466.77542
8.320618,467.19333
8.611116,467.61356
8.837128,468.04126
7.9640503,468.47018
8.163968,468.87775
8.43219,469.2926
8.309143,469.7144
8.121826,470.1397
8.215637,470.55334
8.738281,470.97464
8.59137,471.39282
8.180818,471.80917
7.9305286,472.2329
8.063416,472.65472
8.469147,473.07562
8.397278,473.49173
8.0529785,473.9046
8.600081,474.32205
8.265099,474.73685
8.228838,475.15643
8.480347,475.57056
8.473907,475.98218
8.493412,476.40796
8.82901,476.8192
8.48764,477.24048
8.414755,477.66403
8.666595,478.07404
8.546967,478.49426
8.5825405,478.90808
9.148834,479.3212
7.970825,479.73938
8.231598,480.14597
8.751434,480.57202
8.447998,480.98712
7.949127,481.39795
8.244118,481.81375
8.478058,482.2326
8.499603,482.65363
8.533325,483.06726
8.282562,483.48663
8.006064,483.90717
8.646484,484.32867
8.434723,484.73788
8.101058,485.15936
8.452714,485.5739
8.7560425,485.98923
8.591156,486.41724
8.053558,486.8318
8.372833,487.25897
8.465393,487.67706
8.1840515,488.09143
8.348633,488.5103
8.562714,488.92722
8.621735,489.34967
8.421941,489.75925
8.854218,490.1704
8.3697815,490.5838
7.912018,490.9975
8.287262,491.42062
8.202698,491.8291
8.163488,492.23917
8.694397,492.64825
8.949188,493.0614
8.862305,493.472
8.178925,493.8722
8.927612,494.28772
8.629211,494.714
7.7250566,495.12177
9.016785,495.5301
8.327026,495.943
8.57517,496.35303
8.431671,496.76907
8.228124,497.18774
8.579727,497.59998
7.8086853,498.0161
7.7156067,498.42957
8.248291,498.84085
8.293945,499.2446
8.578613,499.65225
8.268097,500.0611
8.032333,500.47235
7.9173584,500.8852
8.380658,501.29108
8.6440735,501.6989
8.209421,502.1161
8.501953,502.5298
8.358795,502.92896
8.34901,503.34296
8.064466,503.7339
8.301605,504.14697
7.9947886,504.56827
8.990692,504.97784
8.563318,505.39557
8.094666,505.79034
8.267303,506.19196
9.171478,506.59625
8.022675,507.01593
8.2977295,507.40863
8.285867,507.81976
7.834656,508.2314
8.069977,508.6566
8.838654,509.06403
8.696721,509.47507
8.46541,509.89072
8.537689,510.29373
8.419678,510.69745
8.04007,511.10858
8.682251,511.5197
7.963623,511.9234
8.438324,512.3285
8.39093,512.7435
7.81464,513.15906
8.98472,513.5574
8.21933,513.969
8.712311,514.372
8.588858,514.782
9.176544,515.18365
7.7518616,515.5797
8.873871,515.9812
8.769379,516.3967
8.729767,516.7959
7.9276733,517.20435
8.66156,517.6101
8.460083,518.0166
8.709198,518.433
7.9546204,518.8367
8.81018,519.2381
8.493038,519.63806
7.857666,520.0399
8.041873,520.45154
8.243408,520.85754
8.435638,521.25806
8.619812,521.668
9.014923,522.08203
8.2838745,522.5028
8.042816,522.9159
8.331951,523.31714
8.711578,523.7126
8.457245,524.12744
8.268951,524.53284
8.368118,524.93933
8.373106,525.3458
8.340179,525.75653
8.685181,526.15625
9.259735,526.559
8.046509,526.97046
8.474976,527.3644
8.524902,527.7723
8.271637,528.17926
8.889557,528.5776
8.476868,528.96533
7.99881,529.3784
8.1067505,529.7834
7.855591,530.1862
8.694397,530.5943
7.540985,530.9989
8.137665,531.403
8.536912,531.80005
8.579193,532.19507
8.478639,532.6033
8.123962,533.0083
7.8692627,533.4147
8.58023,533.8105
8.855194,534.21375
8.048767,534.6214
8.619476,535.02997
8.473938,535.43256
8.346771,535.8275
7.8964844,536.22375
8.334564,536.62573
8.102753,537.02203
7.9406433,537.4192
8.529663,537.81525
8.316254,538.2154
7.6676636,538.6111
8.373347,539.00854
8.476837,539.39795
8.375305,539.8025
8.44516,540.1954
8.834747,540.60144
8.669281,541.00464
8.168793,541.4091
8.609131,541.8154
8.071808,542.20856
8.62734,542.61346
8.385223,543.01556
8.272186,543.4185
7.6679964,543.82104
8.496889,544.21204
8.350769,544.6113
8.0746765,545.0083
8.255005,545.4076
8.744507,545.80865
8.915894,546.2254
8.029968,546.6221
7.4961596,547.029
8.6622925,547.42584
8.320709,547.8243
8.590576,548.2254
8.6536255,548.61865
8.373083,549.0103
8.199005,549.401
8.459412,549.80054
8.759705,550.1865
8.028839,550.5858
8.559906,550.98334
7.958618,551.38837
8.0894165,551.7964
8.704926,552.1812
8.480499,552.5752
7.586151,552.9782
8.309204,553.37524
8.291504,553.7633
8.861725,554.1567
7.9898376,554.551
7.8677063,554.94635
8.4496155,555.33746
7.8915405,555.7355
8.031464,556.1281
8.149414,556.5359
8.092987,556.93005
9.070892,557.3207
8.285309,557.7208
8.3003235,558.1125
8.584778,558.5032
8.716858,558.89545
8.228821,559.3059
8.614014,559.6999
8.256914,560.1012
7.143921,560.498
8.3417015,560.8967
8.805899,561.29083
8.136078,561.68445
8.4955,562.0723
8.68407,562.4645
8.418793,562.85254
8.662018,563.2533
8.583618,563.6433
8.348724,564.03894
8.808563,564.4304
8.174957,564.8281
7.772917,565.22076
8.535828,565.6183
7.9361877,566.00415
8.459869,566.4005
8.643524,566.7747
8.38913,567.17566
9.057312,567.5667
7.891876,567.96967
8.135742,568.3506
8.958954,568.74426
8.654083,569.14197
8.669434,569.51904
7.7473145,569.9065
8.627018,570.2987
7.978607,570.6863
8.513871,571.08246
8.588379,571.4645
8.375885,571.866
7.84205,572.26526
8.886627,572.6506
8.660645,573.04724
8.417419,573.4426
8.635773,573.8367
8.310547,574.23535
8.575775,574.63477
8.010068,575.02673
9.1657715,575.4158
9.061432,575.81494
8.410522,576.203
7.5677795,576.58923
8.345978,576.98413
8.299774,577.3742
8.096985,577.754
8.736565,578.1465
8.287262,578.5387
8.757843,578.9295
8.550568,579.32043
7.6914434,579.7075
8.20108,580.0936
8.9166565,580.483
8.170746,580.8665
7.711853,581.2566
9.134082,581.6466
8.482666,582.0322
8.840271,582.42
8.607758,582.80566
8.309418,583.1916
8.998322,583.58203
7.869385,583.97906
8.050665,584.3794
8.804626,584.7575
8.46848,585.1471
8.44104,585.5359
8.057495,585.91583
8.394592,586.3013
8.115458,586.69147
8.481071,587.07104
8.190765,587.4593
7.885315,587.8467
7.9800415,588.2231
8.356842,588.60406
8.479309,588.99615
8.506073,589.38995
8.4375305,589.79095
8.681183,590.183
8.346924,590.56683
8.146732,590.946
8.711151,591.3252
8.624084,591.7107
8.761841,592.0929
8.482574,592.47797
7.810425,592.8557
8.27179,593.24567
8.028255,593.635
7.972931,594.0232
7.707651,594.40283
7.835388,594.78186
7.6922913,595.1676
8.660065,595.54724
8.48526,595.94214
7.9539795,596.33093
7.7431946,596.71277
8.356567,597.1035
8.685791,597.4884
8.137329,597.87634
7.78891,598.26025
8.4678955,598.6521
8.361881,599.0359
8.707917,599.4234
8.695984,599.7995
7.9533386,600.17633
8.124542,600.5521
8.640211,600.9384
8.390472,601.3269
8.426575,601.7167
8.91217,602.1091
8.761688,602.4895
8.495355,602.8766
8.020472,603.2521
9.013794,603.63025
8.30072,604.0106
8.121155,604.3884
8.710449,604.7784
8.10849,605.1615
8.046875,605.53894
8.874725,605.9198
8.576843,606.3029
8.450836,606.6859
8.5737915,607.0676
8.111816,607.4448
8.907224,607.8169
8.40686,608.20605
8.399963,608.59375
7.6983337,608.96875
8.4591675,609.3491
8.709259,609.72437
8.475555,610.11487
8.279755,610.49365
8.66095,610.8766
8.949795,611.27246
8.277733,611.6532
8.240295,612.02954
8.297638,612.41437
8.87973,612.79987
8.081482,613.18115
8.400543,613.55695
7.5690737,613.9344
8.927856,614.3061
8.276978,614.6928
8.132477,615.0657
8.276825,615.4447
8.417816,615.8208
8.266693,616.1999
8.2743225,616.5829
8.866699,616.9692
8.022308,617.3444
7.853668,617.71295
8.406891,618.092
8.809692,618.4652
8.475281,618.84033
8.252563,619.2197
8.391174,619.59454
8.152161,619.9763
8.403473,620.3517
8.059662,620.73413
8.693726,621.1108
8.305511,621.4941
8.128906,621.8745
7.9524827,622.25085
8.712921,622.6311
8.695038,623.0093
8.21637,623.38855
8.352661,623.7538
8.211212,624.1339
8.510071,624.5101
8.426565,624.88086
8.327881,625.2556
8.212585,625.6322
8.245758,626.01526
8.592407,626.39636
8.308838,626.7595
7.472351,627.1324
8.684296,627.50476
7.73703,627.87756
8.9253845,628.25745
8.38913,628.6356
8.14624,629.0148
8.325165,629.4053
8.928223,629.7711
8.66449,630.1438
8.259552,630.51685
8.486017,630.8927
9.030317,631.2521
8.487091,631.6259
8.4852295,631.9919
7.771576,632.37585
8.056061,632.7555
8.200949,633.14386
8.600128,633.5192
8.260071,633.8966
8.150906,634.26807
8.005035,634.65186
8.193296,635.03485
8.347283,635.41064
8.501526,635.776
7.8199463,636.1558
8.452423,636.52716
7.9828796,636.907
8.327666,637.27704
8.131378,637.6426
8.443726,638.01746
8.5017395,638.3845
7.7809143,638.75195
8.1556635,639.12744
8.660767,639.49384
8.139252,639.87366
8.161163,640.2444
8.610992,640.61554
8.301758,640.99615
8.686218,641.359
8.233978,641.73193
8.611877,642.1023
8.587189,642.4754
8.175018,642.85443
7.6879272,643.2292
8.806671,643.597
7.8729553,643.964
8.781464,644.3356
8.269484,644.71436
8.244232,645.07684
8.689484,645.4385
8.1586,645.80896
8.760315,646.18494
9.0373535,646.55634
8.730804,646.9273
8.478058,647.3096
8.572235,647.68317
8.254547,648.06177
7.9312134,648.4401
8.419769,648.81616
8.748444,649.1795
8.488621,649.547
8.211426,649.913
8.474823,650.27673
8.481232,650.6443
8.516022,651.02136
8.554382,651.3891
8.227692,651.7643
8.683142,652.14294
8.349731,652.5109
8.611084,652.8833
7.6283264,653.2429
7.853943,653.6029
8.265442,653.97205
8.783813,654.3518
8.197937,654.7117
8.610748,655.08185
8.272339,655.4574
8.310944,655.8233
8.237126,656.1965
8.444519,656.56384
8.6692505,656.93896
8.589823,657.2999
8.13089,657.6774
8.56674,658.0473
8.368103,658.4172
8.215759,658.7894
9.0546875,659.15625
8.222778,659.5138
8.111938,659.8807
8.1640625,660.24554
8.290375,660.6123
7.8971252,660.97815
8.187408,661.34125
8.167816,661.7103
8.224095,662.0759
8.591888,662.4413
8.305206,662.80664
8.879486,663.1688
7.943695,663.54
8.038818,663.89856
8.19223,664.2601
7.8496094,664.6225
8.591301,664.99365
8.7421875,665.3626
8.817505,665.7256
8.726624,666.08765
8.343689,666.45447
8.1633,666.82
8.85824,667.18604
8.382355,667.5475
8.363306,667.9158
8.622985,668.2822
8.32373,668.65344
8.395607,669.0187
8.520355,669.3738
8.5703125,669.7434
8.323517,670.11475
8.011444,670.4837
8.3368225,670.8516
8.6362915,671.2124
8.003998,671.569
8.176453,671.93494
8.274597,672.301
8.124725,672.6676
8.120575,673.02966
8.416443,673.39606
8.126129,673.75916
9.236617,674.11743
8.03717,674.48773
8.326508,674.8485
8.21228,675.2095
8.52243,675.5735
7.8368225,675.938
8.174133,676.2957
8.699585,676.66003
9.106567,677.0215
8.308655,677.38354
8.498352,677.74524
8.38266,678.10425
8.40979,678.4673
8.576447,678.8247
8.071075,679.19257
8.545227,679.55316
8.010986,679.92267
8.275604,680.2853
8.4748535,680.6455
8.116228,681.0173
8.549103,681.37616
8.669586,681.7318
8.616343,682.09143
8.508667,682.4618
8.588776,682.82227
8.673681,683.1766
8.233948,683.5498
7.840851,683.9004
8.476593,684.2686
8.364655,684.6211
8.838806,684.97675
8.523041,685.33765
8.296692,685.70056
8.259827,686.0649
8.206848,686.4202
8.132568,686.7767
9.079742,687.12836
8.406982,687.49524
8.319305,687.8444
8.207489,688.2044
7.824631,688.5763
8.155792,688.9297
8.632355,689.28735
7.954376,689.6432
7.5645447,690.0034
8.841766,690.36255
8.931519,690.7294
8.364868,691.08813
7.7098694,691.4459
8.440674,691.8036
8.575531,692.1655
8.335693,692.53174
8.687805,692.89044
8.195496,693.23975
8.938049,693.59875
7.9884524,693.9466
8.403503,694.3
8.7875805,694.6648
8.372223,695.0207
8.155548,695.3748
7.927063,695.7373
8.1258545,696.09656
8.37915,696.45496
8.401001,696.8132
8.7589855,697.1742
7.9425354,697.5288
8.032715,697.88965
8.125,698.24963
8.318776,698.6009
8.064392,698.9588
8.589783,699.3174
8.450684,699.6697
8.476776,700.02875
8.275269,700.3823
8.493595,700.7317
8.814636,701.08673
8.337158,701.4338
8.7282295,701.7863
8.331909,702.15247
8.371701,702.50616
8.4592285,702.865
8.295105,703.2255
8.647316,703.57886
8.865112,703.9401
8.434906,704.29114
7.7110596,704.64355
8.411621,704.9945
7.9114685,705.34845
7.7612915,705.6989
7.757843,706.0542
8.13092,706.4143
8.428711,706.7703
8.48468,707.12726
8.9591675,707.48425
8.421082,707.8368
8.39328,708.1927
8.382507,708.54517
8.46048,708.9049
8.333914,709.2527
9.322205,709.60944
8.140289,709.9619
7.7565002,710.3135
8.706116,710.65155
8.142029,711.0029
8.880035,711.3609
8.648457,711.7176
8.000641,712.0653
8.51651,712.4227
7.9216003,712.773
8.466129,713.1261
9.198669,713.4795
7.997589,713.83386
8.205261,714.18713
8.73996,714.54846
8.009369,714.89514
8.657487,715.25214
8.032562,715.5957
7.8277893,715.9474
8.236908,716.29803
8.528168,716.6521
8.1513195,717.00476
8.063446,717.3546
8.449493,717.7102
9.059631,718.06525
8.583923,718.41626
8.759827,718.7721
7.9855347,719.1249
8.494339,719.47363
8.870088,719.82825
8.7258835,720.17114
8.694794,720.51514
8.133789,720.86566
8.278748,721.2112
8.494202,721.568
8.411591,721.9145
8.118744,722.2621
8.540924,722.61273
8.1171875,722.96387
8.880402,723.3093
8.46286,723.6592
8.010193,724.0041
8.613434,724.3574
8.47406,724.70905
8.378571,725.0614
8.418213,725.41284
8.150024,725.7556
8.24231,726.1015
8.2919445,726.4557
8.7126465,726.8083
7.7168007,727.15314
8.541718,727.49396
7.910095,727.84937
8.065216,728.19464
8.563324,728.5438
8.273857,728.89734
8.00882,729.2484
8.226532,729.5908
7.7309265,729.9359
8.399918,730.288
8.159912,730.6388
8.913696,730.9872
8.951233,731.3401
8.085419,731.68494
8.631165,732.0337
8.643524,732.3739
8.395294,732.72
8.561279,733.061
7.875519,733.41144
8.783173,733.7606
8.064087,734.1155
8.35938,734.4725
8.448822,734.82043
8.549377,735.1745
8.7015705,735.52454
8.549408,735.87756
8.259653,736.23096
8.128937,736.5692
9.17395,736.9146
8.22317,737.2642
8.345398,737.61633
8.134583,737.9674
8.313758,738.3101
7.9811096,738.651
8.494267,738.99567
7.8665237,739.3462
8.226013,739.69775
7.7525024,740.0371
8.823639,740.3869
9.073212,740.7377
8.642119,741.0836
8.395795,741.4242
8.234009,741.7716
8.247986,742.11395
7.6987,742.4585
8.487701,742.80505
9.214874,743.1529
8.825989,743.5049
8.5312805,743.8391
8.092468,744.18176
8.694672,744.52826
8.392242,744.8693
8.972656,745.2163
8.411835,745.56604
8.813965,745.90924
8.719574,746.2493
8.540985,746.5913
8.109375,746.9431
8.838959,747.27954
8.413116,747.6261
8.980743,747.9744
8.69278,748.32404
7.846527,748.6731
8.620209,749.01086
8.645058,749.3567
8.550476,749.6996
8.140246,750.03485
8.447357,750.3753
8.006287,750.7185
7.8533325,751.05664
8.696686,751.4103
7.454651,751.7529
8.873108,752.09503
7.954712,752.4442
8.206604,752.78925
8.222473,753.1298
8.058441,753.47595
8.252474,753.8135
8.338396,754.1577
8.369537,754.50946
8.606018,754.841
7.691465,755.17834
7.836792,755.5166
8.27356,755.8635
7.903386,756.2114
8.652618,756.55994
8.324127,756.90326
8.017426,757.24646
7.9026184,757.5991
8.67923,757.9375
8.296478,758.27075
8.552795,758.61884
8.197205,758.96375
8.640417,759.30084
8.306213,759.64624
8.169556,759.9838
8.593292,760.3259
8.5961,760.6639
8.750519,761.0057
7.681671,761.34906
8.795319,761.6904
7.994934,762.0223
8.094238,762.36414
8.569336,762.70624
8.763611,763.05383
7.7249146,763.40497
8.571024,763.7455
7.503235,764.08813
8.4322815,764.4263
7.9580994,764.76697
8.325409,765.0991
8.275299,765.43164
7.5944214,765.77527
7.9006042,766.1199
8.419476,766.4568
8.319214,766.7889
8.22995,767.1226
8.161102,767.45734
7.941162,767.79675
8.611633,768.13525
8.040924,768.4753
8.569214,768.81006
8.403076,769.15295
8.275452,769.48865
9.310714,769.8371
8.675158,770.17804
8.526642,770.5073
8.564209,770.85205
7.9961243,771.19836
8.090338,771.53546
7.9562683,771.87445
8.001221,772.2129
8.7812195,772.5465
8.002686,772.88525
8.787537,773.2199
8.321838,773.5552
8.098785,773.8896
8.400757,774.2322
8.740448,774.56824
8.376068,774.90686
8.95049,775.24713
8.412079,775.57684
8.337507,775.916
8.425964,776.2541
9.180817,776.598
7.8731384,776.9369
8.254395,777.26886
8.6085205,777.6012
8.020416,777.9385
8.620026,778.285
8.474182,778.616
8.121314,778.9522
8.481201,779.28784
8.027435,779.62695
9.044312,779.96277
8.051117,780.29724
8.386993,780.6299
8.833557,780.9612
8.232086,781.3055
8.668579,781.6477
8.16156,781.977
7.828064,782.31384
8.32975,782.6506
7.763855,782.9857
8.480011,783.32544
8.465057,783.6554
8.850189,783.98987
8.329042,784.3234
8.225708,784.66174
8.24704,784.9983
8.307678,785.344
8.427734,785.6824
8.491638,786.02606
8.334045,786.357
8.249725,786.6914
7.9184875,787.0232
8.180298,787.3618
8.313112,787.7017
8.074127,788.02985
7.9606934,788.3749
8.64356,788.70526
7.871155,789.0414
8.312622,789.3733
8.72629,789.7085
8.134674,790.02515
7.46817,790.35223
8.681244,790.683
8.328125,791.01135
8.244385,791.34033
8.065002,791.6759
8.164795,792.0108
8.322479,792.34546
8.173126,792.6791
8.321991,792.99854
8.563171,793.33044
8.367462,793.6654
8.182428,793.99945
8.633026,794.3274
8.464111,794.6632
8.285217,794.99023
8.193134,795.32947
8.146088,795.66174
8.110931,795.9997
8.0956135,796.32056
8.141174,796.6547
8.499756,796.9855
8.976105,797.3111
8.64151,797.6393
8.262238,797.9627
7.949066,798.2968
8.887421,798.64294
7.9004517,798.97565
8.915278,799.2992
8.010895,799.6364
8.470276,799.9751
7.9433594,800.312
9.1049,800.6461
8.384766,800.97394
8.173035,801.3058
8.744965,801.63965
8.128662,801.9611
8.451355,802.2906
8.712555,802.6244
8.332245,802.958
8.690216,803.28735
8.174377,803.61475
8.900543,803.9459
8.1649475,804.2787
8.3246155,804.6084
8.93158,804.943
8.7567215,805.29224
8.050781,805.62256
8.598236,805.9567
8.165619,806.2792
8.922083,806.6127
7.8771057,806.94354
8.520905,807.2705
8.313324,807.5941
8.150665,807.9291
8.575165,808.2516
8.204742,808.5802
8.429016,808.9109
8.400269,809.2373
8.200012,809.55975
8.477173,809.89465
8.24176,810.23145
8.241425,810.5633
8.0867,810.88934
8.647827,811.2098
8.433594,811.53625
8.48053,811.86316
7.630829,812.1915
8.064087,812.5177
8.3316345,812.84534
8.683594,813.1709
8.362366,813.50256
8.670898,813.8312
8.191864,814.1663
8.316254,814.49805
8.500153,814.8257
8.926179,815.14435
8.034851,815.4707
7.931549,815.7931
8.265991,816.1145
8.232941,816.4382
8.563498,816.76416
8.563812,817.0925
8.057129,817.4226
8.5784,817.7637
8.304321,818.08484
8.332855,818.42303
8.019501,818.74133
8.617676,819.0733
8.098114,819.40173
8.464478,819.7253
8.330292,820.05347
9.021759,820.3819
8.119171,820.72174
8.735168,821.04364
8.8815,821.37146
8.702791,821.6993
8.609924,822.02563
8.390198,822.35077
8.642181,822.67596
8.795044,823.0037
8.151642,823.32654
7.8982544,823.6538
8.373993,823.9788
8.892761,824.3151
8.312592,824.64374
8.570664,824.9725
8.559204,825.2996
8.3324585,825.62646
8.655731,825.94305
9.125671,826.27905
8.411957,826.6091
8.742554,826.9293
8.339539,827.2576
8.17453,827.58203
8.258179,827.9072
8.33111,828.23047
7.82605,828.5493
8.4473915,828.87024
8.445526,829.18945
8.292053,829.5114
8.030731,829.83527
8.533691,830.15686
8.517212,830.4732
7.970764,830.80566
8.430725,831.1295
8.2013855,831.447
8.322296,831.76843
7.8821106,832.0856
8.601532,832.4072
8.245868,832.7333
8.573608,833.0501
7.7738953,833.3706
8.710632,833.6903
8.056061,834.0113
8.384857,834.3302
7.63266,834.65094
7.842765,834.97656
8.288361,835.3026
8.441212,835.62396
7.7700853,835.9471
8.536926,836.2594
8.482208,836.5839
8.203766,836.9143
8.34259,837.2367
8.449738,837.5588
8.184937,837.8766
8.436157,838.2041
8.116455,838.5204
8.844238,838.8408
8.000366,839.1645
8.72876,839.48816
8.344967,839.81396
8.476105,840.1416
8.045166,840.4578
8.247345,840.7743
7.9382935,841.09314
7.9446716,841.40906
8.407379,841.7324
8.5034485,842.0581
7.9319153,842.3714
8.336113,842.6904
8.335602,843.008
8.592922,843.32764
8.069183,843.6449
8.094786,843.97284
8.272919,844.29944
8.19223,844.62
8.245117,844.9447
8.263367,845.2678
8.43985,845.5901
8.495636,845.9126
8.772186,846.234
8.600616,846.5564
8.384888,846.87946
8.499084,847.2008
8.791443,847.5129
8.494392,847.8347
8.1744995,848.1452
8.097158,848.4678
8.780731,848.77844
8.40097,849.0962
7.9987183,849.4184
7.6312866,849.7393
8.689003,850.0539
8.126251,850.371
8.726654,850.7011
7.970398,851.0291
8.132767,851.3475
8.656708,851.6663
8.088348,851.9807
8.694153,852.297
8.496674,852.62225
8.361511,852.94806
8.268036,853.25464
8.561584,853.571
8.410187,853.89276
7.871521,854.2097
8.240295,854.5242
8.729004,854.8503
8.361206,855.17035
8.364075,855.49146
8.502777,855.81366
8.29599,856.1382
8.320099,856.4572
7.6810303,856.7802
8.095581,857.0919
8.664398,857.4077
8.746632,857.7324
8.548767,858.05286
8.772045,858.37195
8.868866,858.68286
8.141632,858.9916
7.9292297,859.3045
8.46637,859.6301
8.306183,859.94824
7.958008,860.2612
8.158752,860.5795
8.074829,860.9051
7.917694,861.2136
9.060005,861.52954
8.090485,861.84955
8.116901,862.1717
8.282074,862.49036
8.163788,862.8014
7.7252502,863.119
7.583679,863.4428
7.952881,863.756
8.193024,864.0731
9.049255,864.3915
8.101305,864.7158
7.9042664,865.02905
8.40094,865.3338
8.368927,865.6543
8.367279,865.9723
7.825836,866.2916
8.372214,866.61414
7.790161,866.9271
8.750153,867.24756
7.4725823,867.56006
8.670593,867.8714
8.150299,868.1898
8.687073,868.504
8.390076,868.8035
7.6623535,869.1134
7.906769,869.4303
7.955475,869.74414
7.570709,870.05383
7.9679565,870.3747
8.309111,870.68713
7.588928,871.0047
8.3602295,871.32666
7.9656067,871.64197
7.964142,871.95703
9.135559,872.2737
7.666746,872.59186
7.483429,872.90704
8.766357,873.22217
8.288691,873.5371
8.141235,873.84656
8.060333,874.16815
8.141083,874.4836
8.168304,874.79346
8.854645,875.1079
7.6515503,875.4189
8.419159,875.7323
8.899384,876.0437
8.017975,876.36084
8.085114,876.6717
8.288239,876.9868
8.713867,877.3031
8.374786,877.61536
7.714386,877.9415
8.193726,878.24634
7.9892883,878.5597
8.084381,878.87775
8.031647,879.18896
8.697479,879.4977
7.227936,879.82245
8.588928,880.1344
8.584808,880.4479
8.053925,880.7635
8.647705,881.08044
7.9772034,881.39404
8.177124,881.7093
8.460693,882.0171
9.036163,882.32056
8.046082,882.6384
8.733154,882.95013
8.782654,883.26697
7.643341,883.5796
8.454285,883.8923
8.766204,884.2046
8.2508545,884.5209
8.27047,884.82227
8.1753235,885.13477
8.140717,885.43994
8.542755,885.7459
9.039673,886.0541
8.38501,886.3624
8.630396,886.6687
8.602051,886.97784
8.1922035,887.2876
8.790455,887.59973
7.7698364,887.9139
8.221924,888.2266
8.211121,888.5345
8.5494995,888.843
8.644121,889.1566
8.276935,889.468
8.553986,889.7738
8.550568,890.0858
8.202637,890.40564
8.133423,890.7124
8.67569,891.0261
8.17393,891.3463
8.708221,891.65955
8.678009,891.9743
8.138031,892.2857
8.570648,892.59924
8.558899,892.9121
7.7024536,893.2288
8.053314,893.5336
8.999908,893.8373
8.183838,894.1538
8.327881,894.4627
8.365875,894.7706
8.478851,895.08044
7.6875916,895.3913
8.431626,895.7025
8.531738,896.0078
8.655457,896.31396
8.573822,896.6277
7.9272156,896.94617
8.069458,897.2461
8.931122,897.5587
8.643616,897.8664
8.272888,898.17896
8.525421,898.49243
8.14444,898.7986
8.07962,899.1116
8.317286,899.41406
8.27301,899.72363
8.276398,900.03094
8.572196,900.345
8.206451,900.64526
8.605774,900.95135
8.194183,901.2617
9.280853,901.56903
8.573151,901.8826
8.481476,902.1864
8.377878,902.4998
8.422791,902.81006
8.135742,903.1153
7.8621826,903.42554
7.915497,903.735
7.9545593,904.05066
7.7975454,904.35657
8.439545,904.65607
8.565765,904.9619
8.152008,905.27423
8.782042,905.58105
7.7521057,905.88666
8.492004,906.1969
8.347321,906.5088
8.368103,906.8144
8.447144,907.11957
8.017609,907.42584
8.5155945,907.7264
8.783234,908.03064
8.730377,908.33203
8.491943,908.6395
8.592529,908.94836
8.586761,909.2551
8.564758,909.56067
8.881897,909.8782
8.300995,910.1847
8.424408,910.48755
8.216243,910.7993
8.253937,911.1104
8.469116,911.4144
8.143005,911.7227
8.265625,912.0271
8.319641,912.3329
9.211113,912.6312
9.159637,912.93176
8.470673,913.2362
8.523529,913.542
8.29748,913.8457
7.8641663,914.14764
8.782532,914.4518
8.011444,914.766
8.247681,915.0731
8.169417,915.3722
8.327698,915.6793
8.555511,915.9841
8.093542,916.28735
8.2057495,916.5934
8.739746,916.8997
8.559593,917.2114
8.207092,917.51715
8.790375,917.81866
7.9904175,918.1208
8.144104,918.4193
8.146698,918.72186
8.905151,919.01904
8.421295,919.3243
8.074799,919.6343
8.718475,919.9287
8.415131,920.24286
8.09433,920.5434
8.589113,920.853
8.298981,921.1544
7.9737854,921.46155
8.776184,921.7621
8.483276,922.067
8.373962,922.3727
8.616669,922.6743
8.398834,922.9685
8.403442,923.2707
7.8503723,923.5773
8.619476,923.8879
8.1796875,924.19385
8.335602,924.49475
8.126678,924.7986
8.52314,925.1019
8.862579,925.3926
8.048919,925.6919
8.24231,925.99164
8.443268,926.3001
8.397369,926.603
8.667328,926.9083
8.353882,927.216
7.9852295,927.52026
8.296356,927.8199
8.251129,928.1177
8.792742,928.4263
8.410492,928.73236
8.070404,929.0321
8.099274,929.3277
8.11283,929.6281
8.044861,929.924
8.665466,930.22815
7.5798035,930.53375
8.36166,930.84
8.827423,931.139
8.016388,931.44836
8.718445,931.7511
8.445465,932.0662
8.049042,932.3622
8.190094,932.6619
8.508636,932.95874
8.973297,933.25653
8.59112,933.5512
8.470795,933.8478
8.556335,934.1533
8.188568,934.4617
8.525511,934.7606
8.851473,935.0641
8.202881,935.3594
7.6794434,935.65564
8.800995,935.9586
8.557129,936.2627
8.282257,936.5646
8.465546,936.86993
8.354828,937.17487
8.670593,937.4758
8.129822,937.78125
8.534058,938.0842
8.668852,938.3884
8.8897705,938.6808
8.245473,938.98334
8.190399,939.28723
8.338221,939.5881
8.07428,939.88354
8.391327,940.189
8.44458,940.4914
8.16571,940.7854
8.016815,941.0864
8.684937,941.389
8.329385,941.6874
8.277252,941.9833
8.154633,942.279
8.200684,942.57654
8.358795,942.87537
8.743378,943.1663
8.016205,943.4629
8.745453,943.76056
8.640869,944.0638
8.347565,944.35394
8.399441,944.6516
8.0295105,944.9433
8.915741,945.2389
8.223206,945.5326
7.49527,945.8351
8.386353,946.1333
8.222168,946.4346
7.9799805,946.73145
8.035675,947.02313
8.091156,947.32227
8.268646,947.61676
7.806946,947.91034
8.346985,948.20825
7.645996,948.5106
7.7911406,948.8115
7.9250183,949.10736
8.398102,949.40515
8.664124,949.70483
8.308075,950.00525
8.094025,950.3055
7.936371,950.5949
7.858124,950.8945
8.0672,951.18524
8.472168,951.4868
8.080261,951.78534
8.736847,952.0748
8.398499,952.37866
8.191229,952.6743
8.421173,952.9726
8.570257,953.2692
8.269019,953.5741
8.355469,953.87256
7.91391,954.16455
8.140625,954.4552
8.50647,954.7466
7.667633,955.03906
8.287928,955.3329
8.538574,955.6292
8.400085,955.9287
8.462341,956.23047
8.497101,956.52496
8.152283,956.8218
8.584045,957.1173
8.898918,957.412
8.293152,957.69867
8.2464905,957.9885
7.7135925,958.28906
8.537476,958.5902
8.562134,958.8874
8.490997,959.1838
7.9600525,959.4772
8.449219,959.76605
8.490601,960.0591
8.752563,960.35693
7.7647095,960.6461
8.550815,960.9448
7.970337,961.23553
8.750427,961.5359
8.828727,961.8394
8.268585,962.1378
8.41098,962.43604
7.9851685,962.7214
8.0625,963.0111
7.973938,963.3026
8.02063,963.5987
8.500092,963.89294
8.074829,964.1913
8.37146,964.4842
8.135925,964.784
8.204407,965.0842
8.67984,965.3838
8.789001,965.67816
8.415588,965.97046
8.328766,966.2635
8.4201355,966.56445
8.726685,966.8534
8.508392,967.1484
8.599924,967.4327
8.359985,967.73706
8.200684,968.0286
8.517796,968.3149
7.951599,968.6037
7.892853,968.88794
8.643555,969.182
8.018585,969.4739
8.350769,969.76855
8.126852,970.0648
8.65567,970.35925
8.735718,970.65405
8.158295,970.9464
8.431244,971.23865
8.561096,971.5299
8.649991,971.8242
8.10791,972.11914
8.423771,972.4101
7.9200745,972.70483
8.121979,972.9982
8.021027,973.2892
8.329546,973.5814
8.338684,973.8739
8.35907,974.1642
8.568146,974.45703
7.9248962,974.7504
8.210175,975.04553
8.595642,975.3364
8.383301,975.626
8.862427,975.91876
8.092377,976.20496
8.235077,976.49207
8.031586,976.78534
8.202881,977.07336
8.18335,977.3657
8.40448,977.65784
8.444611,977.95264
8.070129,978.2446
8.187866,978.5293
8.584747,978.81714
8.537605,979.11084
8.005005,979.4087
8.193207,979.70105
7.8049316,979.9892
8.414459,980.2784
8.414001,980.5737
8.314941,980.8729
8.029541,981.16565
7.501251,981.45715
8.799286,981.74927
8.169556,982.03345
7.9725037,982.33057
8.934448,982.619
8.746462,982.9144
7.7063904,983.20197
8.811859,983.4889
8.754639,983.7787
8.042419,984.072
8.56842,984.3536
8.155975,984.6477
8.749258,984.93616
8.522125,985.2355
8.256805,985.5181
8.084259,985.81116
8.523285,986.1044
8.419922,986.3889
8.540619,986.67896
8.659302,986.98413
8.055057,987.2667
8.713623,987.5476
8.236664,987.84204
8.463684,988.125
8.035034,988.41846
8.388794,988.70764
8.315308,988.996
8.546997,989.2883
8.753143,989.58167
8.254791,989.8728
8.485474,990.16125
8.730194,990.4497
8.534241,990.7451
8.157043,991.0303
8.653717,991.3173
7.829895,991.60645
8.17041,991.8979
8.726471,992.1856
8.241089,992.47125
8.333527,992.7517
8.587036,993.0394
8.330292,993.3252
8.88913,993.60767
7.981476,993.8927
8.5065,994.1721
8.324493,994.47174
8.280792,994.76953
8.405121,995.056
8.389648,995.34644
8.376801,995.64197
8.313171,995.92834
7.9833984,996.21375
8.083588,996.50244
8.875153,996.8
8.664093,997.08484
9.331268,997.3696
8.3461,997.65857
8.292664,997.9486
8.626217,998.2341
7.7854614,998.5156
7.931862,998.8025
8.776772,999.088
8.549164,999.3784
8.311981,999.66284
8.376038,999.9521
7.7701416,1000.2418
8.513489,1000.5319
8.018616,1000.82025
8.063721,1001.10516
8.148262,1001.3927
8.860077,1001.67883
8.918404,1001.96606
8.001709,1002.2593
8.285767,1002.536
8.311249,1002.8226
8.661102,1003.1107
8.095947,1003.40125
8.308891,1003.6835
8.141632,1003.9692
7.6851807,1004.2576
8.528076,1004.546
8.342957,1004.8394
8.246857,1005.11835
8.377045,1005.405
8.268219,1005.6932
8.172241,1005.9758
8.687927,1006.2622
7.792694,1006.5536
8.602386,1006.84265
8.829681,1007.1318
8.964844,1007.4178
8.280182,1007.7036
8.242615,1007.9897
8.600494,1008.26825
7.99704,1008.55286
8.326538,1008.8396
8.6501465,1009.1304
7.7335815,1009.40625
8.291412,1009.68994
8.34766,1009.9751
8.278107,1010.2526
8.519257,1010.5355
7.850189,1010.8185
8.516785,1011.10425
7.622589,1011.3905
8.007294,1011.68085
8.0589905,1011.9717
8.712189,1012.2615
8.419128,1012.54285
8.307617,1012.81415
7.849579,1013.0998
8.295715,1013.3821
8.515533,1013.663
8.467285,1013.9441
7.4877625,1014.2274
8.141724,1014.5112
9.168182,1014.79193
8.239685,1015.073
8.200106,1015.357
8.2023735,1015.64185
8.023865,1015.93054
8.123474,1016.2179
7.9852295,1016.51025
7.6774597,1016.791
8.106537,1017.0752
8.508358,1017.3594
7.7977905,1017.63617
8.319611,1017.91986
8.14743,1018.203
8.350983,1018.4813
8.370331,1018.7659
8.238159,1019.05005
7.9910583,1019.3337
7.8530884,1019.6212
8.397888,1019.902
8.732513,1020.1832
8.464722,1020.46564
8.461273,1020.7474
8.398102,1021.0339
8.460602,1021.32007
8.170441,1021.6004
8.270782,1021.88763
8.226789,1022.17035
7.617462,1022.46014
8.442098,1022.74146
8.526489,1023.03296
8.303131,1023.31335
8.432465,1023.59924
8.095245,1023.87854
8.306824,1024.1654
8.622055,1024.4431
8.723114,1024.7181
8.904266,1024.9912
8.192413,1025.282
8.183868,1025.5625
7.8452454,1025.841
7.601654,1026.1162
7.649811,1026.3965
8.614197,1026.679
8.371826,1026.9668
9.032166,1027.252
8.307312,1027.5272
7.5589294,1027.8032
7.7382812,1028.084
8.181793,1028.363
8.464081,1028.646
7.846924,1028.9221
8.031097,1029.1985
8.493439,1029.4741
8.391083,1029.758
7.8727417,1030.0383
8.358551,1030.3138
8.677856,1030.5917
8.578949,1030.8706
8.795197,1031.1489
8.108063,1031.426
7.6801453,1031.7102
8.539307,1031.9923
8.250977,1032.2822
8.465607,1032.5643
8.576752,1032.8434
8.665039,1033.1265
8.798492,1033.4026
8.225891,1033.6855
8.526245,1033.9673
8.17038,1034.2488
8.570557,1034.5332
8.775085,1034.8164
7.9792786,1035.0957
8.318176,1035.3718
8.67572,1035.6462
8.596497,1035.9297
8.116058,1036.2065
8.111267,1036.4829
8.404755,1036.7594
